seed_laiyuan,seed_uid,depth,src_uid,dst_uid,edge_type
lindaiyu,account_00001,1,account_00001,account_00010,friends
lindaiyu,account_00001,1,account_00001,account_00012,friends
lindaiyu,account_00001,1,account_00001,account_00009,friends
lindaiyu,account_00001,1,account_00001,account_00013,friends
lindaiyu,account_00001,1,account_00001,account_00008,friends
lindaiyu,account_00001,1,account_00001,account_00011,friends
lindaiyu,account_00001,1,account_00001,account_00006,friends
lindaiyu,account_00001,1,account_00001,account_00007,friends
lindaiyu,account_00001,2,account_00010,account_00023,friends
lindaiyu,account_00001,2,account_00010,account_00024,friends
lindaiyu,account_00001,2,account_00012,account_00027,friends
lindaiyu,account_00001,2,account_00012,account_00026,friends
lindaiyu,account_00001,2,account_00009,account_00022,friends
lindaiyu,account_00001,2,account_00009,account_00021,friends
lindaiyu,account_00001,2,account_00013,account_00029,friends
lindaiyu,account_00001,2,account_00013,account_00028,friends
lindaiyu,account_00001,2,account_00008,account_00020,friends
lindaiyu,account_00001,2,account_00008,account_00019,friends
lindaiyu,account_00001,2,account_00011,account_00025,friends
lindaiyu,account_00001,2,account_00011,account_00018,friends
lindaiyu,account_00001,2,account_00006,account_00014,friends
lindaiyu,account_00001,2,account_00006,account_00015,friends
lindaiyu,account_00001,2,account_00007,account_00016,friends
lindaiyu,account_00001,2,account_00007,account_00017,friends
caocao,account_00002,1,account_00002,account_00038,friends
caocao,account_00002,1,account_00002,account_00034,friends
caocao,account_00002,1,account_00002,account_00035,friends
caocao,account_00002,1,account_00002,account_00037,friends
caocao,account_00002,1,account_00002,account_00036,friends
caocao,account_00002,1,account_00002,account_00039,friends
caocao,account_00002,1,account_00002,account_00031,friends
caocao,account_00002,1,account_00002,account_00032,friends
caocao,account_00002,2,account_00038,account_00053,friends
caocao,account_00002,2,account_00038,account_00040,friends
caocao,account_00002,2,account_00034,account_00048,friends
caocao,account_00002,2,account_00034,account_00047,friends
caocao,account_00002,2,account_00035,account_00049,friends
caocao,account_00002,2,account_00035,account_00043,friends
caocao,account_00002,2,account_00037,account_00052,friends
caocao,account_00002,2,account_00037,account_00018,friends
caocao,account_00002,2,account_00036,account_00050,friends
caocao,account_00002,2,account_00036,account_00051,friends
caocao,account_00002,2,account_00039,account_00046,friends
caocao,account_00002,2,account_00039,account_00054,friends
caocao,account_00002,2,account_00031,account_00041,friends
caocao,account_00002,2,account_00031,account_00042,friends
caocao,account_00002,2,account_00032,account_00044,friends
caocao,account_00002,2,account_00032,account_00045,friends
lanyangyang,account_00003,1,account_00003,account_00062,friends
lanyangyang,account_00003,1,account_00003,account_00064,friends
lanyangyang,account_00003,1,account_00003,account_00061,friends
lanyangyang,account_00003,1,account_00003,account_00065,friends
lanyangyang,account_00003,1,account_00003,account_00060,friends
lanyangyang,account_00003,1,account_00003,account_00063,friends
lanyangyang,account_00003,1,account_00003,account_00056,friends
lanyangyang,account_00003,1,account_00003,account_00058,friends
lanyangyang,account_00003,2,account_00062,account_00075,friends
lanyangyang,account_00003,2,account_00062,account_00076,friends
lanyangyang,account_00003,2,account_00064,account_00071,friends
lanyangyang,account_00003,2,account_00064,account_00079,friends
lanyangyang,account_00003,2,account_00061,account_00074,friends
lanyangyang,account_00003,2,account_00061,account_00068,friends
lanyangyang,account_00003,2,account_00065,account_00080,friends
lanyangyang,account_00003,2,account_00065,account_00081,friends
lanyangyang,account_00003,2,account_00060,account_00072,friends
lanyangyang,account_00003,2,account_00060,account_00073,friends
lanyangyang,account_00003,2,account_00063,account_00077,friends
lanyangyang,account_00003,2,account_00063,account_00078,friends
lanyangyang,account_00003,2,account_00056,account_00066,friends
lanyangyang,account_00003,2,account_00056,account_00067,friends
lanyangyang,account_00003,2,account_00058,account_00069,friends
lanyangyang,account_00003,2,account_00058,account_00070,friends
sunwukong,account_00004,1,account_00004,account_00082,friends
sunwukong,account_00004,1,account_00004,account_00090,friends
sunwukong,account_00004,1,account_00004,account_00091,friends
sunwukong,account_00004,1,account_00004,account_00089,friends
sunwukong,account_00004,1,account_00004,account_00083,friends
sunwukong,account_00004,1,account_00004,account_00088,friends
sunwukong,account_00004,1,account_00004,account_00087,friends
sunwukong,account_00004,1,account_00004,account_00086,friends
sunwukong,account_00004,2,account_00082,account_00092,friends
sunwukong,account_00004,2,account_00082,account_00093,friends
sunwukong,account_00004,2,account_00091,account_00004,friends
sunwukong,account_00004,2,account_00091,account_00102,friends
sunwukong,account_00004,2,account_00089,account_00097,friends
sunwukong,account_00004,2,account_00089,account_00101,friends
sunwukong,account_00004,2,account_00083,account_00094,friends
sunwukong,account_00004,2,account_00083,account_00095,friends
sunwukong,account_00004,2,account_00088,account_00100,friends
sunwukong,account_00004,2,account_00088,account_00096,friends
sunwukong,account_00004,2,account_00087,account_00099,friends
sunwukong,account_00004,2,account_00087,account_00098,friends
zhangfei,account_00005,1,account_00005,account_00108,friends
zhangfei,account_00005,1,account_00005,account_00105,friends
zhangfei,account_00005,1,account_00005,account_00106,friends
zhangfei,account_00005,1,account_00005,account_00110,friends
zhangfei,account_00005,1,account_00005,account_00107,friends
zhangfei,account_00005,1,account_00005,account_00109,friends
zhangfei,account_00005,1,account_00005,account_00103,friends
zhangfei,account_00005,1,account_00005,account_00104,friends
zhangfei,account_00005,2,account_00106,account_00117,friends
zhangfei,account_00005,2,account_00106,account_00116,friends
zhangfei,account_00005,2,account_00110,account_00120,friends
zhangfei,account_00005,2,account_00110,account_00113,friends
zhangfei,account_00005,2,account_00109,account_00118,friends
zhangfei,account_00005,2,account_00109,account_00119,friends
zhangfei,account_00005,2,account_00103,account_00111,friends
zhangfei,account_00005,2,account_00103,account_00112,friends
zhangfei,account_00005,2,account_00104,account_00114,friends
zhangfei,account_00005,2,account_00104,account_00115,friends
huafei,account_00121,1,account_00121,account_00126,friends
huafei,account_00121,1,account_00121,account_00129,friends
huafei,account_00121,1,account_00121,account_00125,friends
huafei,account_00121,1,account_00121,account_00130,friends
huafei,account_00121,1,account_00121,account_00124,friends
huafei,account_00121,1,account_00121,account_00128,friends
huafei,account_00121,1,account_00121,account_00122,friends
huafei,account_00121,1,account_00121,account_00123,friends
huafei,account_00121,2,account_00126,account_00139,friends
huafei,account_00121,2,account_00126,account_00140,friends
huafei,account_00121,2,account_00125,account_00138,friends
huafei,account_00121,2,account_00125,account_00137,friends
huafei,account_00121,2,account_00130,account_00141,friends
huafei,account_00121,2,account_00130,account_00142,friends
huafei,account_00121,2,account_00124,account_00135,friends
huafei,account_00121,2,account_00124,account_00136,friends
huafei,account_00121,2,account_00122,account_00131,friends
huafei,account_00121,2,account_00122,account_00132,friends
huafei,account_00121,2,account_00123,account_00133,friends
huafei,account_00121,2,account_00123,account_00134,friends
mamalielie,account_00143,1,account_00143,account_00146,friends
mamalielie,account_00143,1,account_00143,account_00147,friends
mamalielie,account_00143,1,account_00143,account_00151,friends
mamalielie,account_00143,1,account_00143,account_00150,friends
mamalielie,account_00143,1,account_00143,account_00144,friends
mamalielie,account_00143,1,account_00143,account_00149,friends
mamalielie,account_00143,1,account_00143,account_00148,friends
mamalielie,account_00143,1,account_00143,account_00145,friends
mamalielie,account_00143,2,account_00147,account_00156,friends
mamalielie,account_00143,2,account_00147,account_00157,friends
mamalielie,account_00143,2,account_00151,account_00163,friends
mamalielie,account_00143,2,account_00151,account_00164,friends
mamalielie,account_00143,2,account_00150,account_00162,friends
mamalielie,account_00143,2,account_00150,account_00113,friends
mamalielie,account_00143,2,account_00144,account_00152,friends
mamalielie,account_00143,2,account_00144,account_00153,friends
mamalielie,account_00143,2,account_00149,account_00161,friends
mamalielie,account_00143,2,account_00149,account_00160,friends
mamalielie,account_00143,2,account_00148,account_00159,friends
mamalielie,account_00143,2,account_00148,account_00158,friends
mamalielie,account_00143,2,account_00145,account_00154,friends
mamalielie,account_00143,2,account_00145,account_00155,friends
zhubajie,account_00165,1,account_00165,account_00170,friends
zhubajie,account_00165,1,account_00165,account_00083,friends
zhubajie,account_00165,1,account_00165,account_00169,friends
zhubajie,account_00165,1,account_00165,account_00172,friends
zhubajie,account_00165,1,account_00165,account_00168,friends
zhubajie,account_00165,1,account_00165,account_00171,friends
zhubajie,account_00165,1,account_00165,account_00166,friends
zhubajie,account_00165,1,account_00165,account_00167,friends
zhubajie,account_00165,2,account_00170,account_00180,friends
zhubajie,account_00165,2,account_00170,account_00181,friends
zhubajie,account_00165,2,account_00083,account_00094,friends
zhubajie,account_00165,2,account_00083,account_00165,friends
zhubajie,account_00165,2,account_00169,account_00178,friends
zhubajie,account_00165,2,account_00169,account_00179,friends
zhubajie,account_00165,2,account_00168,account_00177,friends
zhubajie,account_00165,2,account_00168,account_00165,friends
zhubajie,account_00165,2,account_00171,account_00182,friends
zhubajie,account_00165,2,account_00171,account_00183,friends
zhubajie,account_00165,2,account_00166,account_00174,friends
zhubajie,account_00165,2,account_00166,account_00173,friends
zhubajie,account_00165,2,account_00167,account_00175,friends
zhubajie,account_00165,2,account_00167,account_00176,friends
maomao,account_00097,1,account_00097,account_00191,friends
maomao,account_00097,1,account_00097,account_00187,friends
maomao,account_00097,1,account_00097,account_00188,friends
maomao,account_00097,1,account_00097,account_00190,friends
maomao,account_00097,1,account_00097,account_00189,friends
maomao,account_00097,1,account_00097,account_00192,friends
maomao,account_00097,1,account_00097,account_00185,friends
maomao,account_00097,1,account_00097,account_00186,friends
maomao,account_00097,2,account_00188,account_00197,friends
maomao,account_00097,2,account_00188,account_00193,friends
maomao,account_00097,2,account_00190,account_00200,friends
maomao,account_00097,2,account_00190,account_00201,friends
maomao,account_00097,2,account_00189,account_00198,friends
maomao,account_00097,2,account_00189,account_00199,friends
maomao,account_00097,2,account_00192,account_00202,friends
maomao,account_00097,2,account_00192,account_00203,friends
maomao,account_00097,2,account_00185,account_00097,friends
maomao,account_00097,2,account_00185,account_00194,friends
maomao,account_00097,2,account_00186,account_00195,friends
maomao,account_00097,2,account_00186,account_00196,friends
kuakua,account_00194,1,account_00194,account_00205,friends
kuakua,account_00194,1,account_00194,account_00212,friends
kuakua,account_00194,1,account_00194,account_00209,friends
kuakua,account_00194,1,account_00194,account_00204,friends
kuakua,account_00194,1,account_00194,account_00207,friends
kuakua,account_00194,1,account_00194,account_00208,friends
kuakua,account_00194,1,account_00194,account_00211,friends
kuakua,account_00194,1,account_00194,account_00210,friends
kuakua,account_00194,2,account_00205,account_00216,friends
kuakua,account_00194,2,account_00205,account_00215,friends
kuakua,account_00194,2,account_00212,account_00220,friends
kuakua,account_00194,2,account_00212,account_00040,friends
kuakua,account_00194,2,account_00204,account_00214,friends
kuakua,account_00194,2,account_00204,account_00213,friends
kuakua,account_00194,2,account_00207,account_00218,friends
kuakua,account_00194,2,account_00207,account_00217,friends
kuakua,account_00194,2,account_00211,account_00219,friends
kuakua,account_00194,2,account_00211,account_00018,friends
guimi,account_00221,1,account_00221,account_00231,friends
guimi,account_00221,1,account_00221,account_00227,friends
guimi,account_00221,1,account_00221,account_00228,friends
guimi,account_00221,1,account_00221,account_00230,friends
guimi,account_00221,1,account_00221,account_00229,friends
guimi,account_00221,1,account_00221,account_00232,friends
guimi,account_00221,1,account_00221,account_00224,friends
guimi,account_00221,1,account_00221,account_00225,friends
guimi,account_00221,2,account_00231,account_00235,friends
guimi,account_00221,2,account_00231,account_00234,friends
guimi,account_00221,2,account_00225,account_00233,friends
guimi,account_00221,2,account_00225,account_00018,friends
MBTI,account_00226,1,account_00226,account_00242,friends
MBTI,account_00226,1,account_00226,account_00238,friends
MBTI,account_00226,1,account_00226,account_00239,friends
MBTI,account_00226,1,account_00226,account_00241,friends
MBTI,account_00226,1,account_00226,account_00240,friends
MBTI,account_00226,1,account_00226,account_00243,friends
MBTI,account_00226,1,account_00226,account_00236,friends
MBTI,account_00226,1,account_00226,account_00237,friends
MBTI,account_00226,2,account_00238,account_00249,friends
MBTI,account_00226,2,account_00238,account_00248,friends
MBTI,account_00226,2,account_00239,account_00251,friends
MBTI,account_00226,2,account_00239,account_00250,friends
MBTI,account_00226,2,account_00241,account_00252,friends
MBTI,account_00226,2,account_00241,account_00113,friends
MBTI,account_00226,2,account_00243,account_00253,friends
MBTI,account_00226,2,account_00243,account_00254,friends
MBTI,account_00226,2,account_00236,account_00244,friends
MBTI,account_00226,2,account_00236,account_00245,friends
MBTI,account_00226,2,account_00237,account_00246,friends
MBTI,account_00226,2,account_00237,account_00247,friends
shouhu,account_00255,1,account_00255,account_00256,friends
shouhu,account_00255,2,account_00256,account_00258,friends
shouhu,account_00255,2,account_00256,account_00257,friends
chigua,account_00259,1,account_00259,account_00257,friends
chigua,account_00259,1,account_00259,account_00018,friends
chigua,account_00259,1,account_00259,account_00034,friends
chigua,account_00259,1,account_00259,account_00206,friends
chigua,account_00259,2,account_00257,account_00262,friends
chigua,account_00259,2,account_00257,account_00018,friends
chigua,account_00259,2,account_00018,account_00264,friends
chigua,account_00259,2,account_00018,account_00113,friends
chigua,account_00259,2,account_00034,account_00261,friends
chigua,account_00259,2,account_00034,account_00260,friends
chigua,account_00259,2,account_00206,account_00263,friends
chigua,account_00259,2,account_00206,account_00257,friends
duidui,account_00265,1,account_00265,account_00272,friends
duidui,account_00265,1,account_00265,account_00274,friends
duidui,account_00265,1,account_00265,account_00271,friends
duidui,account_00265,1,account_00265,account_00275,friends
duidui,account_00265,1,account_00265,account_00270,friends
duidui,account_00265,1,account_00265,account_00273,friends
duidui,account_00265,1,account_00265,account_00268,friends
duidui,account_00265,1,account_00265,account_00269,friends
duidui,account_00265,2,account_00272,account_00282,friends
duidui,account_00265,2,account_00272,account_00066,friends
duidui,account_00265,2,account_00271,account_00281,friends
duidui,account_00265,2,account_00271,account_00276,friends
duidui,account_00265,2,account_00273,account_00283,friends
duidui,account_00265,2,account_00273,account_00284,friends
duidui,account_00265,2,account_00268,account_00277,friends
duidui,account_00265,2,account_00268,account_00278,friends
duidui,account_00265,2,account_00269,account_00280,friends
duidui,account_00265,2,account_00269,account_00279,friends
pinglun,account_00256,1,account_00256,account_00258,friends
pinglun,account_00256,1,account_00256,account_00257,friends
pinglun,account_00256,1,account_00256,account_00255,friends
pinglun,account_00256,1,account_00256,account_00206,friends
pinglun,account_00256,1,account_00256,account_00287,friends
pinglun,account_00256,1,account_00256,account_00285,friends
pinglun,account_00256,1,account_00256,account_00034,friends
pinglun,account_00256,1,account_00256,account_00288,friends
pinglun,account_00256,2,account_00258,account_00296,friends
pinglun,account_00256,2,account_00258,account_00293,friends
pinglun,account_00256,2,account_00257,account_00262,friends
pinglun,account_00256,2,account_00257,account_00018,friends
pinglun,account_00256,2,account_00255,account_00256,friends
pinglun,account_00256,2,account_00206,account_00295,friends
pinglun,account_00256,2,account_00206,account_00257,friends
pinglun,account_00256,2,account_00287,account_00294,friends
pinglun,account_00256,2,account_00287,account_00113,friends
pinglun,account_00256,2,account_00285,account_00291,friends
pinglun,account_00256,2,account_00285,account_00292,friends
pinglun,account_00256,2,account_00034,account_00290,friends
pinglun,account_00256,2,account_00034,account_00289,friends
pinglun,account_00256,2,account_00288,account_00297,friends
pinglun,account_00256,2,account_00288,account_00287,friends
