seed_laiyuan,seed_uid,seed_column,depth,parent_uid,uid,screen_name,description,gender,verified,followers_count,friends_count,statuses_count,node_type
lindaiyu,account_00001,uid,0,,account_00001,SEED,,,,,,,ai
caocao,account_00002,uid,0,,account_00002,SEED,,,,,,,ai
lanyangyang,account_00003,uid,0,,account_00003,SEED,,,,,,,ai
sunwukong,account_00004,uid,0,,account_00004,SEED,,,,,,,ai
zhangfei,account_00005,uid,0,,account_00005,SEED,,,,,,,ai
lindaiyu,account_00001,uid,0,,account_00001,SEED,,,,,,,ai
lindaiyu,account_00001,uid,1,account_00001,account_00006,sample_user,,,False,0.0,20.0,0.0,user
lindaiyu,account_00001,uid,1,account_00001,account_00007,sample_user,[REDACTED],,False,6300.0,23000.0,150.0,user
lindaiyu,account_00001,uid,1,account_00001,account_00008,sample_user,[REDACTED],,False,80.0,150.0,1200.0,user
lindaiyu,account_00001,uid,1,account_00001,account_00009,sample_user,[REDACTED],,False,8000.0,5000.0,4600.0,user
lindaiyu,account_00001,uid,1,account_00001,account_00010,sample_user,,,False,0.0,40.0,150.0,user
lindaiyu,account_00001,uid,1,account_00001,account_00011,sample_user,[REDACTED],,False,0.0,20.0,10.0,user
lindaiyu,account_00001,uid,1,account_00001,account_00012,sample_user,[REDACTED],,False,90.0,90.0,30.0,user
lindaiyu,account_00001,uid,1,account_00001,account_00013,sample_user,[REDACTED],,True,11000.0,7100.0,1400.0,user
lindaiyu,account_00001,uid,2,account_00006,account_00014,sample_user,[REDACTED],f,False,650.0,500.0,30.0,user
lindaiyu,account_00001,uid,2,account_00006,account_00015,sample_user,[REDACTED],f,False,15000.0,600.0,100.0,user
lindaiyu,account_00001,uid,2,account_00007,account_00016,sample_user,[REDACTED],f,True,18000.0,18000.0,4800.0,user
lindaiyu,account_00001,uid,2,account_00007,account_00017,sample_user,[REDACTED],f,True,720000.0,6500.0,21000.0,user
lindaiyu,account_00001,uid,2,account_00008,account_00018,sample_user,[REDACTED],f,True,127203000.0,400.0,7300.0,user
lindaiyu,account_00001,uid,2,account_00008,account_00019,sample_user,[REDACTED],m,False,100.0,150.0,300.0,user
lindaiyu,account_00001,uid,2,account_00008,account_00020,sample_user,[REDACTED],f,False,100.0,550.0,1500.0,user
lindaiyu,account_00001,uid,2,account_00009,account_00021,sample_user,[REDACTED],f,False,9900.0,650.0,1200.0,user
lindaiyu,account_00001,uid,2,account_00009,account_00022,sample_user,[REDACTED],f,True,10000.0,650.0,19000.0,user
lindaiyu,account_00001,uid,2,account_00010,account_00023,sample_user,[REDACTED],m,False,159000.0,0.0,650.0,user
lindaiyu,account_00001,uid,2,account_00010,account_00024,sample_user,[REDACTED],m,True,955000.0,0.0,300.0,user
lindaiyu,account_00001,uid,2,account_00011,account_00025,sample_user,,f,False,0.0,0.0,0.0,user
lindaiyu,account_00001,uid,2,account_00012,account_00026,sample_user,[REDACTED],f,True,32000.0,350.0,3200.0,user
lindaiyu,account_00001,uid,2,account_00012,account_00027,sample_user,[REDACTED],f,True,13000.0,2000.0,100.0,user
lindaiyu,account_00001,uid,2,account_00013,account_00028,sample_user,[REDACTED],f,True,100000.0,1700.0,10000.0,user
lindaiyu,account_00001,uid,2,account_00013,account_00029,sample_user,[REDACTED],f,False,1000.0,850.0,550.0,user
caocao,account_00002,uid,0,,account_00002,SEED,,,,,,,ai
caocao,account_00002,uid,1,account_00002,account_00030,sample_user,[REDACTED],,False,0.0,60.0,60.0,user
caocao,account_00002,uid,1,account_00002,account_00031,sample_user,,,False,0.0,250.0,0.0,user
caocao,account_00002,uid,1,account_00002,account_00018,sample_user,[REDACTED],,True,127203000.0,400.0,7300.0,user
caocao,account_00002,uid,1,account_00002,account_00032,sample_user,,,False,0.0,100.0,0.0,user
caocao,account_00002,uid,1,account_00002,account_00033,sample_user,[REDACTED],,False,30.0,200.0,650.0,user
caocao,account_00002,uid,1,account_00002,account_00034,sample_user,[REDACTED],,True,357000.0,100.0,10.0,user
caocao,account_00002,uid,1,account_00002,account_00035,sample_user,,,False,850.0,3500.0,24000.0,user
caocao,account_00002,uid,1,account_00002,account_00036,sample_user,[REDACTED],,False,0.0,150.0,2900.0,user
caocao,account_00002,uid,1,account_00002,account_00037,sample_user,[REDACTED],,False,70.0,200.0,2100.0,user
caocao,account_00002,uid,1,account_00002,account_00038,sample_user,[REDACTED],,False,30.0,200.0,900.0,user
caocao,account_00002,uid,1,account_00002,account_00039,sample_user,[REDACTED],,False,2900.0,1000.0,22000.0,user
caocao,account_00002,uid,2,account_00030,account_00040,sample_user,[REDACTED],f,True,164986000.0,100.0,19000.0,user
caocao,account_00002,uid,2,account_00031,account_00041,sample_user,[REDACTED],m,False,14000.0,800.0,80.0,user
caocao,account_00002,uid,2,account_00031,account_00042,sample_user,[REDACTED],f,True,112783000.0,600.0,2300.0,user
caocao,account_00002,uid,2,account_00018,account_00043,sample_user,[REDACTED],m,True,157889000.0,3000.0,151000.0,user
caocao,account_00002,uid,2,account_00032,account_00044,sample_user,[REDACTED],f,False,135000.0,40.0,100.0,user
caocao,account_00002,uid,2,account_00032,account_00045,sample_user,[REDACTED],m,True,29000.0,700.0,10000.0,user
caocao,account_00002,uid,2,account_00033,account_00046,sample_user,[REDACTED],m,True,18000.0,0.0,10000.0,user
caocao,account_00002,uid,2,account_00034,account_00047,sample_user,[REDACTED],m,True,1214000.0,850.0,3800.0,user
caocao,account_00002,uid,2,account_00034,account_00048,sample_user,[REDACTED],m,False,939000.0,550.0,250.0,user
caocao,account_00002,uid,2,account_00035,account_00049,sample_user,[REDACTED],m,False,1500.0,100.0,70.0,user
caocao,account_00002,uid,2,account_00036,account_00050,sample_user,[REDACTED],f,False,74000.0,0.0,5500.0,user
caocao,account_00002,uid,2,account_00036,account_00051,sample_user,[REDACTED],m,True,95000.0,10.0,550.0,user
caocao,account_00002,uid,2,account_00037,account_00052,sample_user,[REDACTED],f,False,10.0,30.0,50.0,user
caocao,account_00002,uid,2,account_00038,account_00053,sample_user,[REDACTED],f,False,700.0,20.0,50.0,user
caocao,account_00002,uid,2,account_00039,account_00054,sample_user,,m,False,350.0,250.0,200.0,user
lanyangyang,account_00003,uid,0,,account_00003,SEED,,,,,,,ai
lanyangyang,account_00003,uid,1,account_00003,account_00055,sample_user,[REDACTED],,True,73000.0,100.0,814000.0,user
lanyangyang,account_00003,uid,1,account_00003,account_00056,sample_user,,,False,0.0,10.0,10.0,user
lanyangyang,account_00003,uid,1,account_00003,account_00057,sample_user,[REDACTED],,False,20.0,300.0,8900.0,user
lanyangyang,account_00003,uid,1,account_00003,account_00058,sample_user,[REDACTED],,False,400.0,6200.0,1900.0,user
lanyangyang,account_00003,uid,1,account_00003,account_00059,sample_user,[REDACTED],,False,70.0,5600.0,11000.0,user
lanyangyang,account_00003,uid,1,account_00003,account_00060,sample_user,[REDACTED],,False,200.0,100.0,50.0,user
lanyangyang,account_00003,uid,1,account_00003,account_00061,sample_user,[REDACTED],,False,2600.0,1700.0,5000.0,user
lanyangyang,account_00003,uid,1,account_00003,account_00062,sample_user,[REDACTED],,False,20.0,60.0,60.0,user
lanyangyang,account_00003,uid,1,account_00003,account_00063,sample_user,,,False,20.0,250.0,30.0,user
lanyangyang,account_00003,uid,1,account_00003,account_00064,sample_user,,,False,0.0,700.0,8700.0,user
lanyangyang,account_00003,uid,1,account_00003,account_00065,sample_user,[REDACTED],,True,1700.0,2000.0,250.0,user
lanyangyang,account_00003,uid,2,account_00055,account_00066,sample_user,,m,True,67057000.0,150.0,1200.0,user
lanyangyang,account_00003,uid,2,account_00056,account_00067,sample_user,[REDACTED],f,False,50.0,20.0,40.0,user
lanyangyang,account_00003,uid,2,account_00057,account_00068,sample_user,[REDACTED],m,True,62543000.0,2500.0,243000.0,user
lanyangyang,account_00003,uid,2,account_00058,account_00069,sample_user,,m,True,16000.0,28000.0,7200.0,user
lanyangyang,account_00003,uid,2,account_00058,account_00070,sample_user,,m,True,243000.0,400.0,52000.0,user
lanyangyang,account_00003,uid,2,account_00059,account_00071,sample_user,[REDACTED],m,True,2368000.0,5100.0,41000.0,user
lanyangyang,account_00003,uid,2,account_00060,account_00072,sample_user,,f,False,0.0,450.0,0.0,user
lanyangyang,account_00003,uid,2,account_00060,account_00073,sample_user,[REDACTED],f,False,0.0,70.0,100.0,user
lanyangyang,account_00003,uid,2,account_00061,account_00074,sample_user,[REDACTED],f,False,0.0,50.0,400.0,user
lanyangyang,account_00003,uid,2,account_00062,account_00075,sample_user,[REDACTED],m,True,774000.0,20.0,1000.0,user
lanyangyang,account_00003,uid,2,account_00062,account_00076,sample_user,[REDACTED],m,True,5177000.0,900.0,16000.0,user
lanyangyang,account_00003,uid,2,account_00063,account_00077,sample_user,,f,False,9800.0,30.0,3900.0,user
lanyangyang,account_00003,uid,2,account_00063,account_00078,sample_user,[REDACTED],m,True,102000.0,90.0,4700.0,user
lanyangyang,account_00003,uid,2,account_00064,account_00079,sample_user,[REDACTED],f,True,14000.0,100.0,4400.0,user
lanyangyang,account_00003,uid,2,account_00065,account_00080,sample_user,[REDACTED],f,True,8100.0,8300.0,5200.0,user
lanyangyang,account_00003,uid,2,account_00065,account_00081,sample_user,[REDACTED],f,False,218000.0,30.0,3100.0,user
sunwukong,account_00004,uid,0,,account_00004,SEED,,,,,,,ai
sunwukong,account_00004,uid,1,account_00004,account_00082,sample_user,[REDACTED],,True,18000.0,11000.0,7400.0,user
sunwukong,account_00004,uid,1,account_00004,account_00083,sample_user,[REDACTED],,False,10.0,20.0,1900.0,user
sunwukong,account_00004,uid,1,account_00004,account_00084,sample_user,[REDACTED],,True,12000.0,12000.0,3300.0,user
sunwukong,account_00004,uid,1,account_00004,account_00085,sample_user,,,False,100.0,300.0,200.0,user
sunwukong,account_00004,uid,1,account_00004,account_00086,sample_user,[REDACTED],,False,250.0,250.0,2400.0,user
sunwukong,account_00004,uid,1,account_00004,account_00087,sample_user,[REDACTED],,False,200.0,150.0,1600.0,user
sunwukong,account_00004,uid,1,account_00004,account_00088,sample_user,[REDACTED],,False,7600.0,9900.0,2400.0,user
sunwukong,account_00004,uid,1,account_00004,account_00089,sample_user,[REDACTED],,False,10.0,300.0,2200.0,user
sunwukong,account_00004,uid,1,account_00004,account_00090,sample_user,[REDACTED],,False,400.0,850.0,900.0,user
sunwukong,account_00004,uid,1,account_00004,account_00091,sample_user,,,False,40.0,450.0,30.0,user
sunwukong,account_00004,uid,2,account_00082,account_00092,sample_user,[REDACTED],m,True,2100.0,2100.0,1100.0,user
sunwukong,account_00004,uid,2,account_00082,account_00093,sample_user,,f,True,4700.0,2900.0,2300.0,user
sunwukong,account_00004,uid,2,account_00083,account_00094,sample_user,,m,False,0.0,10.0,0.0,user
sunwukong,account_00004,uid,2,account_00083,account_00095,sample_user,[REDACTED],m,True,1379000.0,20.0,300.0,user
sunwukong,account_00004,uid,2,account_00084,account_00096,sample_user,,f,True,41514000.0,900.0,16000.0,user
sunwukong,account_00004,uid,2,account_00085,account_00097,sample_user,[REDACTED],f,True,185000.0,29000.0,3400.0,user
sunwukong,account_00004,uid,2,account_00087,account_00098,sample_user,,f,False,150.0,200.0,900.0,user
sunwukong,account_00004,uid,2,account_00087,account_00099,sample_user,[REDACTED],m,False,37000.0,10.0,850.0,user
sunwukong,account_00004,uid,2,account_00088,account_00100,sample_user,[REDACTED],f,False,0.0,0.0,100.0,user
sunwukong,account_00004,uid,2,account_00089,account_00101,sample_user,,m,True,12955000.0,150.0,1400.0,user
sunwukong,account_00004,uid,2,account_00091,account_00102,sample_user,[REDACTED],m,True,1117000.0,60.0,300.0,user
zhangfei,account_00005,uid,0,,account_00005,SEED,,,,,,,ai
zhangfei,account_00005,uid,1,account_00005,account_00103,sample_user,[REDACTED],,False,0.0,150.0,0.0,user
zhangfei,account_00005,uid,1,account_00005,account_00018,sample_user,[REDACTED],,True,127203000.0,400.0,7300.0,user
zhangfei,account_00005,uid,1,account_00005,account_00104,sample_user,,,False,0.0,300.0,0.0,user
zhangfei,account_00005,uid,1,account_00005,account_00105,sample_user,[REDACTED],,True,118000.0,8100.0,26000.0,user
zhangfei,account_00005,uid,1,account_00005,account_00106,sample_user,,,False,0.0,50.0,0.0,user
zhangfei,account_00005,uid,1,account_00005,account_00107,sample_user,[REDACTED],,True,27000.0,1700.0,4000.0,user
zhangfei,account_00005,uid,1,account_00005,account_00108,sample_user,[REDACTED],,True,2000.0,1000.0,2900.0,user
zhangfei,account_00005,uid,1,account_00005,account_00109,sample_user,[REDACTED],,False,900.0,4900.0,3100.0,user
zhangfei,account_00005,uid,1,account_00005,account_00110,sample_user,,,False,0.0,200.0,50.0,user
zhangfei,account_00005,uid,2,account_00103,account_00111,sample_user,[REDACTED],m,False,650.0,0.0,30.0,user
zhangfei,account_00005,uid,2,account_00103,account_00112,sample_user,,f,False,2200.0,300.0,800.0,user
zhangfei,account_00005,uid,2,account_00018,account_00113,sample_user,,m,True,235536000.0,2300.0,32000.0,user
zhangfei,account_00005,uid,2,account_00104,account_00114,sample_user,[REDACTED],m,False,157000.0,650.0,27000.0,user
zhangfei,account_00005,uid,2,account_00104,account_00115,sample_user,[REDACTED],f,True,476000.0,350.0,1000.0,user
zhangfei,account_00005,uid,2,account_00106,account_00116,sample_user,[REDACTED],m,True,158000.0,10.0,150.0,user
zhangfei,account_00005,uid,2,account_00106,account_00117,sample_user,[REDACTED],m,True,290000.0,250.0,3000.0,user
zhangfei,account_00005,uid,2,account_00109,account_00118,sample_user,[REDACTED],f,False,0.0,0.0,100.0,user
zhangfei,account_00005,uid,2,account_00109,account_00119,sample_user,[REDACTED],m,True,72423000.0,150.0,2500.0,user
zhangfei,account_00005,uid,2,account_00110,account_00120,sample_user,[REDACTED],f,False,2500.0,90.0,2300.0,user
huafei,account_00121,uid,0,,account_00121,SEED,,,,,,,ai
huafei,account_00121,uid,1,account_00121,account_00122,sample_user,,,False,0.0,0.0,0.0,user
huafei,account_00121,uid,1,account_00121,account_00123,sample_user,[REDACTED],,False,0.0,0.0,0.0,user
huafei,account_00121,uid,1,account_00121,account_00124,sample_user,[REDACTED],,True,12000.0,13000.0,2400.0,user
huafei,account_00121,uid,1,account_00121,account_00125,sample_user,[REDACTED],,False,10.0,70.0,1000.0,user
huafei,account_00121,uid,1,account_00121,account_00126,sample_user,,,False,20.0,40.0,0.0,user
huafei,account_00121,uid,1,account_00121,account_00127,sample_user,[REDACTED],,False,40.0,200.0,0.0,user
huafei,account_00121,uid,1,account_00121,account_00128,sample_user,[REDACTED],,False,450.0,600.0,800.0,user
huafei,account_00121,uid,1,account_00121,account_00129,sample_user,[REDACTED],,True,12000.0,6700.0,2900.0,user
huafei,account_00121,uid,1,account_00121,account_00130,sample_user,[REDACTED],,False,0.0,20.0,50.0,user
huafei,account_00121,uid,2,account_00122,account_00131,sample_user,[REDACTED],f,False,750.0,40.0,500.0,user
huafei,account_00121,uid,2,account_00122,account_00132,sample_user,[REDACTED],m,True,1085000.0,250.0,62000.0,user
huafei,account_00121,uid,2,account_00123,account_00133,sample_user,[REDACTED],m,False,150.0,750.0,1900.0,user
huafei,account_00121,uid,2,account_00123,account_00134,sample_user,[REDACTED],f,False,2000.0,400.0,350.0,user
huafei,account_00121,uid,2,account_00124,account_00135,sample_user,,f,False,0.0,50.0,0.0,user
huafei,account_00121,uid,2,account_00124,account_00136,sample_user,,f,False,100.0,3700.0,3600.0,user
huafei,account_00121,uid,2,account_00125,account_00137,sample_user,[REDACTED],m,True,518000.0,0.0,300.0,user
huafei,account_00121,uid,2,account_00125,account_00138,sample_user,[REDACTED],f,True,2534000.0,10.0,30.0,user
huafei,account_00121,uid,2,account_00126,account_00139,sample_user,[REDACTED],m,True,15581000.0,30.0,750.0,user
huafei,account_00121,uid,2,account_00126,account_00140,sample_user,[REDACTED],f,False,10000.0,700.0,1100.0,user
huafei,account_00121,uid,2,account_00127,account_00141,sample_user,[REDACTED],m,True,10707000.0,850.0,78000.0,user
huafei,account_00121,uid,2,account_00130,account_00142,sample_user,[REDACTED],f,True,129000.0,20.0,900.0,user
mamalielie,account_00143,uid,0,,account_00143,SEED,,,,,,,ai
mamalielie,account_00143,uid,1,account_00143,account_00144,sample_user,[REDACTED],,False,3800.0,1200.0,6500.0,user
mamalielie,account_00143,uid,1,account_00143,account_00145,sample_user,,,False,0.0,100.0,0.0,user
mamalielie,account_00143,uid,1,account_00143,account_00146,sample_user,,,False,0.0,0.0,0.0,user
mamalielie,account_00143,uid,1,account_00143,account_00147,sample_user,,,False,0.0,80.0,0.0,user
mamalielie,account_00143,uid,1,account_00143,account_00148,sample_user,,,False,0.0,50.0,0.0,user
mamalielie,account_00143,uid,1,account_00143,account_00149,sample_user,,,False,2000.0,150.0,767000.0,user
mamalielie,account_00143,uid,1,account_00143,account_00150,sample_user,[REDACTED],,False,0.0,300.0,0.0,user
mamalielie,account_00143,uid,1,account_00143,account_00151,sample_user,,,False,0.0,200.0,0.0,user
mamalielie,account_00143,uid,2,account_00144,account_00113,sample_user,,m,True,235535000.0,2300.0,32000.0,user
mamalielie,account_00143,uid,2,account_00144,account_00152,sample_user,[REDACTED],f,True,249000.0,0.0,400.0,user
mamalielie,account_00143,uid,2,account_00144,account_00153,sample_user,[REDACTED],m,False,1367000.0,50.0,100.0,user
mamalielie,account_00143,uid,2,account_00145,account_00154,sample_user,[REDACTED],m,True,55000.0,1200.0,1600.0,user
mamalielie,account_00143,uid,2,account_00145,account_00155,sample_user,[REDACTED],f,True,5949000.0,60.0,250.0,user
mamalielie,account_00143,uid,2,account_00147,account_00156,sample_user,,f,True,354000.0,30.0,250.0,user
mamalielie,account_00143,uid,2,account_00147,account_00157,sample_user,[REDACTED],f,False,121000.0,250.0,3000.0,user
mamalielie,account_00143,uid,2,account_00148,account_00158,sample_user,[REDACTED],m,True,350000.0,350.0,1400.0,user
mamalielie,account_00143,uid,2,account_00148,account_00159,sample_user,[REDACTED],f,False,59000.0,8000.0,750.0,user
mamalielie,account_00143,uid,2,account_00149,account_00160,sample_user,,m,True,401000.0,150.0,250.0,user
mamalielie,account_00143,uid,2,account_00149,account_00161,sample_user,[REDACTED],m,True,45000.0,250.0,2000.0,user
mamalielie,account_00143,uid,2,account_00150,account_00162,sample_user,[REDACTED],f,False,11000.0,400.0,5000.0,user
mamalielie,account_00143,uid,2,account_00151,account_00163,sample_user,[REDACTED],f,True,107000.0,11000.0,10000.0,user
mamalielie,account_00143,uid,2,account_00151,account_00164,sample_user,[REDACTED],f,True,2173000.0,70.0,5600.0,user
zhubajie,account_00165,uid,0,,account_00165,SEED,,,,,,,ai
zhubajie,account_00165,uid,1,account_00165,account_00166,sample_user,,,False,0.0,40.0,0.0,user
zhubajie,account_00165,uid,1,account_00165,account_00167,sample_user,[REDACTED],,True,9400.0,11000.0,1300.0,user
zhubajie,account_00165,uid,1,account_00165,account_00168,sample_user,[REDACTED],,False,10000.0,60.0,200.0,user
zhubajie,account_00165,uid,1,account_00165,account_00169,sample_user,[REDACTED],,True,11000.0,40.0,450.0,user
zhubajie,account_00165,uid,1,account_00165,account_00170,sample_user,,,False,0.0,30.0,0.0,user
zhubajie,account_00165,uid,1,account_00165,account_00171,sample_user,,,False,10.0,30.0,70.0,user
zhubajie,account_00165,uid,1,account_00165,account_00083,sample_user,[REDACTED],,False,10.0,20.0,1900.0,user
zhubajie,account_00165,uid,1,account_00165,account_00172,sample_user,[REDACTED],,True,1500.0,1400.0,12000.0,user
zhubajie,account_00165,uid,2,account_00166,account_00173,sample_user,[REDACTED],m,True,23468000.0,400.0,28000.0,user
zhubajie,account_00165,uid,2,account_00166,account_00174,sample_user,,m,True,1989000.0,30.0,450.0,user
zhubajie,account_00165,uid,2,account_00167,account_00175,sample_user,[REDACTED],f,True,208000.0,50.0,6200.0,user
zhubajie,account_00165,uid,2,account_00167,account_00176,sample_user,[REDACTED],m,False,450.0,500.0,1600.0,user
zhubajie,account_00165,uid,2,account_00168,account_00177,sample_user,,f,False,10000.0,20.0,100.0,user
zhubajie,account_00165,uid,2,account_00169,account_00178,sample_user,[REDACTED],m,True,441000.0,0.0,52000.0,user
zhubajie,account_00165,uid,2,account_00169,account_00179,sample_user,[REDACTED],m,True,20000.0,30000.0,11000.0,user
zhubajie,account_00165,uid,2,account_00170,account_00180,sample_user,,m,True,8678000.0,2200.0,227000.0,user
zhubajie,account_00165,uid,2,account_00170,account_00181,sample_user,[REDACTED],m,True,1099000.0,80.0,1700.0,user
zhubajie,account_00165,uid,2,account_00171,account_00182,sample_user,,f,False,300.0,4800.0,70.0,user
zhubajie,account_00165,uid,2,account_00171,account_00183,sample_user,,f,False,450.0,4800.0,7100.0,user
zhubajie,account_00165,uid,2,account_00083,account_00094,sample_user,,m,False,0.0,10.0,0.0,user
maomao,account_00097,uid,0,,account_00097,SEED,,,,,,,ai
maomao,account_00097,uid,1,account_00097,account_00184,sample_user,[REDACTED],,False,0.0,200.0,300.0,user
maomao,account_00097,uid,1,account_00097,account_00185,sample_user,[REDACTED],,False,0.0,0.0,10.0,user
maomao,account_00097,uid,1,account_00097,account_00186,sample_user,[REDACTED],,False,0.0,200.0,1000.0,user
maomao,account_00097,uid,1,account_00097,account_00187,sample_user,[REDACTED],,False,2200.0,300.0,100.0,user
maomao,account_00097,uid,1,account_00097,account_00188,sample_user,[REDACTED],,False,40.0,150.0,1500.0,user
maomao,account_00097,uid,1,account_00097,account_00189,sample_user,[REDACTED],,False,550.0,650.0,400.0,user
maomao,account_00097,uid,1,account_00097,account_00190,sample_user,[REDACTED],,True,300.0,350.0,1300.0,user
maomao,account_00097,uid,1,account_00097,account_00191,sample_user,[REDACTED],,True,1300.0,1400.0,10000.0,user
maomao,account_00097,uid,1,account_00097,account_00192,sample_user,[REDACTED],,False,1800.0,1900.0,4100.0,user
maomao,account_00097,uid,2,account_00184,account_00193,sample_user,[REDACTED],m,True,86286000.0,1100.0,270000.0,user
maomao,account_00097,uid,2,account_00185,account_00194,sample_user,[REDACTED],f,False,133000.0,80.0,550.0,user
maomao,account_00097,uid,2,account_00186,account_00195,sample_user,,f,True,385000.0,500.0,220000.0,user
maomao,account_00097,uid,2,account_00186,account_00196,sample_user,[REDACTED],f,True,1026000.0,30.0,2900.0,user
maomao,account_00097,uid,2,account_00188,account_00197,sample_user,[REDACTED],m,True,1789000.0,150.0,18000.0,user
maomao,account_00097,uid,2,account_00189,account_00198,sample_user,[REDACTED],f,True,11000.0,850.0,3000.0,user
maomao,account_00097,uid,2,account_00189,account_00199,sample_user,[REDACTED],m,True,3700.0,1200.0,2600.0,user
maomao,account_00097,uid,2,account_00190,account_00200,sample_user,[REDACTED],f,True,6200.0,3600.0,4100.0,user
maomao,account_00097,uid,2,account_00190,account_00201,sample_user,[REDACTED],f,True,1100.0,250.0,2400.0,user
maomao,account_00097,uid,2,account_00192,account_00202,sample_user,,f,False,0.0,40.0,0.0,user
maomao,account_00097,uid,2,account_00192,account_00203,sample_user,[REDACTED],m,True,39125000.0,50.0,1000.0,user
kuakua,account_00194,uid,0,,account_00194,SEED,,,,,,,ai
kuakua,account_00194,uid,1,account_00194,account_00204,sample_user,[REDACTED],,False,0.0,60.0,900.0,user
kuakua,account_00194,uid,1,account_00194,account_00205,sample_user,,,False,200.0,450.0,900.0,user
kuakua,account_00194,uid,1,account_00194,account_00018,sample_user,[REDACTED],,True,127205000.0,400.0,7300.0,user
kuakua,account_00194,uid,1,account_00194,account_00206,sample_user,,,True,79984000.0,40.0,300.0,user
kuakua,account_00194,uid,1,account_00194,account_00207,sample_user,[REDACTED],,True,42685000.0,200.0,850.0,user
kuakua,account_00194,uid,1,account_00194,account_00208,sample_user,[REDACTED],,True,9253000.0,1200.0,25000.0,user
kuakua,account_00194,uid,1,account_00194,account_00209,sample_user,,,True,7500.0,700.0,6200.0,user
kuakua,account_00194,uid,1,account_00194,account_00210,sample_user,,,True,242000.0,0.0,1200.0,user
kuakua,account_00194,uid,1,account_00194,account_00211,sample_user,,,False,1000.0,700.0,2600.0,user
kuakua,account_00194,uid,1,account_00194,account_00212,sample_user,[REDACTED],,False,156000.0,500.0,2100.0,user
kuakua,account_00194,uid,2,account_00204,account_00213,sample_user,[REDACTED],f,False,200.0,150.0,1500.0,user
kuakua,account_00194,uid,2,account_00204,account_00214,sample_user,[REDACTED],f,True,15236000.0,350.0,1600.0,user
kuakua,account_00194,uid,2,account_00205,account_00040,sample_user,[REDACTED],f,True,164987000.0,100.0,19000.0,user
kuakua,account_00194,uid,2,account_00205,account_00215,sample_user,,m,True,7349000.0,350.0,1500.0,user
kuakua,account_00194,uid,2,account_00205,account_00216,sample_user,[REDACTED],f,False,500.0,550.0,1200.0,user
kuakua,account_00194,uid,2,account_00206,account_00217,sample_user,[REDACTED],m,True,1459000.0,1500.0,7400.0,user
kuakua,account_00194,uid,2,account_00207,account_00218,sample_user,[REDACTED],m,True,402000.0,1800.0,121000.0,user
kuakua,account_00194,uid,0,,account_00194,SEED,,,,,,,ai
kuakua,account_00194,uid,1,account_00194,account_00204,sample_user,[REDACTED],,False,0.0,60.0,900.0,user
kuakua,account_00194,uid,1,account_00194,account_00205,sample_user,,,False,200.0,450.0,900.0,user
kuakua,account_00194,uid,1,account_00194,account_00018,sample_user,[REDACTED],,True,127205000.0,400.0,7300.0,user
kuakua,account_00194,uid,1,account_00194,account_00206,sample_user,,,True,79984000.0,40.0,300.0,user
kuakua,account_00194,uid,1,account_00194,account_00207,sample_user,[REDACTED],,True,42685000.0,200.0,850.0,user
kuakua,account_00194,uid,1,account_00194,account_00208,sample_user,[REDACTED],,True,9255000.0,1200.0,25000.0,user
kuakua,account_00194,uid,1,account_00194,account_00209,sample_user,,,True,7500.0,700.0,6200.0,user
kuakua,account_00194,uid,1,account_00194,account_00210,sample_user,,,True,242000.0,0.0,1200.0,user
kuakua,account_00194,uid,1,account_00194,account_00211,sample_user,,,False,1000.0,700.0,2600.0,user
kuakua,account_00194,uid,1,account_00194,account_00212,sample_user,[REDACTED],,False,156000.0,500.0,2100.0,user
kuakua,account_00194,uid,2,account_00204,account_00213,sample_user,[REDACTED],f,False,200.0,150.0,1500.0,user
kuakua,account_00194,uid,2,account_00204,account_00214,sample_user,[REDACTED],f,True,15236000.0,350.0,1600.0,user
kuakua,account_00194,uid,2,account_00205,account_00040,sample_user,[REDACTED],f,True,164987000.0,100.0,19000.0,user
kuakua,account_00194,uid,2,account_00205,account_00215,sample_user,,m,True,7349000.0,350.0,1500.0,user
kuakua,account_00194,uid,2,account_00205,account_00216,sample_user,[REDACTED],f,False,500.0,550.0,1200.0,user
kuakua,account_00194,uid,2,account_00206,account_00217,sample_user,[REDACTED],m,True,1459000.0,1500.0,7400.0,user
kuakua,account_00194,uid,2,account_00207,account_00218,sample_user,[REDACTED],m,True,402000.0,1800.0,121000.0,user
kuakua,account_00194,uid,2,account_00211,account_00219,sample_user,[REDACTED],f,True,4497000.0,100.0,82000.0,user
kuakua,account_00194,uid,2,account_00212,account_00220,sample_user,[REDACTED],f,False,100.0,0.0,20.0,user
guimi,account_00221,uid,0,,account_00221,SEED,,,,,,,ai
guimi,account_00221,uid,1,account_00221,account_00222,sample_user,[REDACTED],,False,20.0,70.0,70.0,user
guimi,account_00221,uid,1,account_00221,account_00223,sample_user,[REDACTED],,False,30.0,900.0,2900.0,user
guimi,account_00221,uid,1,account_00221,account_00224,sample_user,[REDACTED],,False,30.0,40.0,1800.0,user
guimi,account_00221,uid,1,account_00221,account_00225,sample_user,[REDACTED],,True,100.0,550.0,11000.0,user
guimi,account_00221,uid,1,account_00221,account_00226,sample_user,[REDACTED],,True,70000.0,250.0,500.0,user
guimi,account_00221,uid,1,account_00221,account_00227,sample_user,[REDACTED],,True,1900.0,2800.0,10000.0,user
guimi,account_00221,uid,1,account_00221,account_00228,sample_user,[REDACTED],,True,1700.0,1000.0,4700.0,user
guimi,account_00221,uid,1,account_00221,account_00229,sample_user,[REDACTED],,True,29000.0,500.0,12000.0,user
guimi,account_00221,uid,1,account_00221,account_00230,sample_user,[REDACTED],,True,100.0,250.0,12000.0,user
guimi,account_00221,uid,1,account_00221,account_00231,sample_user,[REDACTED],,True,129000.0,2000.0,5000.0,user
guimi,account_00221,uid,1,account_00221,account_00232,sample_user,[REDACTED],,False,2900.0,350.0,6900.0,user
guimi,account_00221,uid,2,account_00222,account_00018,sample_user,[REDACTED],f,True,127205000.0,400.0,7300.0,user
guimi,account_00221,uid,2,account_00223,account_00233,sample_user,[REDACTED],m,True,7068000.0,1400.0,123000.0,user
guimi,account_00221,uid,2,account_00226,account_00234,sample_user,[REDACTED],m,True,47982000.0,250.0,1800.0,user
guimi,account_00221,uid,2,account_00231,account_00235,sample_user,,f,False,0.0,450.0,40.0,user
MBTI,account_00226,uid,0,,account_00226,SEED,,,,,,,ai
MBTI,account_00226,uid,1,account_00226,account_00236,sample_user,[REDACTED],,False,40.0,30.0,100.0,user
MBTI,account_00226,uid,1,account_00226,account_00113,sample_user,,,True,235535000.0,2300.0,32000.0,user
MBTI,account_00226,uid,1,account_00226,account_00237,sample_user,[REDACTED],,False,100.0,400.0,450.0,user
MBTI,account_00226,uid,1,account_00226,account_00238,sample_user,[REDACTED],,True,4639000.0,200.0,39000.0,user
MBTI,account_00226,uid,1,account_00226,account_00239,sample_user,[REDACTED],,False,70.0,150.0,3300.0,user
MBTI,account_00226,uid,1,account_00226,account_00240,sample_user,[REDACTED],,True,2000.0,1800.0,16000.0,user
MBTI,account_00226,uid,1,account_00226,account_00241,sample_user,[REDACTED],,True,562000.0,2600.0,10000.0,user
MBTI,account_00226,uid,1,account_00226,account_00242,sample_user,,,True,5900.0,500.0,12000.0,user
MBTI,account_00226,uid,1,account_00226,account_00243,sample_user,,,True,44842000.0,90.0,3300.0,user
MBTI,account_00226,uid,2,account_00236,account_00244,sample_user,[REDACTED],f,False,0.0,80.0,0.0,user
MBTI,account_00226,uid,2,account_00236,account_00245,sample_user,[REDACTED],m,False,6700.0,70.0,30.0,user
MBTI,account_00226,uid,2,account_00237,account_00246,sample_user,,m,False,40000.0,0.0,20.0,user
MBTI,account_00226,uid,2,account_00237,account_00247,sample_user,[REDACTED],f,True,608000.0,750.0,11000.0,user
MBTI,account_00226,uid,2,account_00238,account_00248,sample_user,[REDACTED],m,True,112000.0,1900.0,800.0,user
MBTI,account_00226,uid,2,account_00238,account_00249,sample_user,,f,False,130000.0,100.0,8300.0,user
MBTI,account_00226,uid,2,account_00239,account_00250,sample_user,[REDACTED],m,True,1588000.0,100.0,5400.0,user
MBTI,account_00226,uid,2,account_00239,account_00251,sample_user,[REDACTED],m,True,7462000.0,900.0,5800.0,user
MBTI,account_00226,uid,2,account_00241,account_00252,sample_user,,m,False,0.0,90.0,10.0,user
MBTI,account_00226,uid,2,account_00243,account_00253,sample_user,[REDACTED],m,True,20780000.0,100.0,7500.0,user
MBTI,account_00226,uid,2,account_00243,account_00254,sample_user,[REDACTED],f,True,12117000.0,350.0,6300.0,user
shouhu,account_00255,uid,0,,account_00255,SEED,,,,,,,ai
shouhu,account_00255,uid,1,account_00255,account_00256,sample_user,[REDACTED],,True,2005000.0,20.0,100.0,user
shouhu,account_00255,uid,2,account_00256,account_00257,sample_user,,f,True,14332000.0,0.0,250.0,user
shouhu,account_00255,uid,2,account_00256,account_00258,sample_user,,f,True,10855000.0,650.0,21000.0,user
chigua,account_00259,uid,0,,account_00259,SEED,,,,,,,ai
chigua,account_00259,uid,1,account_00259,account_00034,sample_user,[REDACTED],,True,357000.0,100.0,10.0,user
chigua,account_00259,uid,1,account_00259,account_00257,sample_user,,,True,14333000.0,0.0,250.0,user
chigua,account_00259,uid,1,account_00259,account_00206,sample_user,,,True,79984000.0,40.0,300.0,user
chigua,account_00259,uid,1,account_00259,account_00018,sample_user,[REDACTED],,True,127205000.0,400.0,7300.0,user
chigua,account_00259,uid,2,account_00034,account_00113,sample_user,,m,True,235534000.0,2300.0,32000.0,user
chigua,account_00259,uid,2,account_00034,account_00260,sample_user,[REDACTED],f,True,1056000.0,150.0,1400.0,user
chigua,account_00259,uid,2,account_00034,account_00261,sample_user,[REDACTED],m,True,124000.0,70.0,600.0,user
chigua,account_00259,uid,2,account_00257,account_00262,sample_user,[REDACTED],m,True,10815000.0,2500.0,30000.0,user
chigua,account_00259,uid,2,account_00206,account_00263,sample_user,[REDACTED],m,True,2745000.0,550.0,24000.0,user
chigua,account_00259,uid,2,account_00018,account_00264,sample_user,[REDACTED],m,True,24962000.0,2900.0,422000.0,user
duidui,account_00265,uid,0,,account_00265,SEED,,,,,,,ai
duidui,account_00265,uid,1,account_00265,account_00266,sample_user,[REDACTED],,False,50.0,800.0,700.0,user
duidui,account_00265,uid,1,account_00265,account_00267,sample_user,[REDACTED],,True,100.0,90.0,450.0,user
duidui,account_00265,uid,1,account_00265,account_00268,sample_user,[REDACTED],,False,300.0,1000.0,5200.0,user
duidui,account_00265,uid,1,account_00265,account_00269,sample_user,[REDACTED],,False,6800.0,6000.0,2400.0,user
duidui,account_00265,uid,1,account_00265,account_00270,sample_user,[REDACTED],,True,11000.0,450.0,24000.0,user
duidui,account_00265,uid,1,account_00265,account_00271,sample_user,[REDACTED],,True,20000.0,2500.0,26000.0,user
duidui,account_00265,uid,1,account_00265,account_00272,sample_user,[REDACTED],,True,1100.0,1200.0,3200.0,user
duidui,account_00265,uid,1,account_00265,account_00273,sample_user,[REDACTED],,False,1400.0,150.0,8700.0,user
duidui,account_00265,uid,1,account_00265,account_00274,sample_user,[REDACTED],,True,11000.0,300.0,6100.0,user
duidui,account_00265,uid,1,account_00265,account_00275,sample_user,[REDACTED],,False,12000.0,200.0,7600.0,user
duidui,account_00265,uid,2,account_00266,account_00276,sample_user,[REDACTED],f,True,106962000.0,750.0,3700.0,user
duidui,account_00265,uid,2,account_00267,account_00066,sample_user,,m,True,67055000.0,150.0,1200.0,user
duidui,account_00265,uid,2,account_00268,account_00277,sample_user,,f,True,374000.0,5900.0,48000.0,user
duidui,account_00265,uid,2,account_00268,account_00278,sample_user,[REDACTED],f,True,277000.0,350.0,11000.0,user
duidui,account_00265,uid,2,account_00269,account_00279,sample_user,[REDACTED],f,True,2900.0,5000.0,3400.0,user
duidui,account_00265,uid,2,account_00269,account_00280,sample_user,,f,False,35000.0,80.0,600.0,user
duidui,account_00265,uid,2,account_00271,account_00281,sample_user,[REDACTED],f,False,0.0,100.0,5300.0,user
duidui,account_00265,uid,2,account_00272,account_00282,sample_user,,f,False,10.0,30.0,30.0,user
duidui,account_00265,uid,2,account_00273,account_00283,sample_user,[REDACTED],f,True,1143000.0,10000.0,600.0,user
duidui,account_00265,uid,2,account_00273,account_00284,sample_user,[REDACTED],m,False,300.0,1800.0,10000.0,user
pinglun,account_00256,uid,0,,account_00256,SEED,,,,,,,ai
pinglun,account_00256,uid,1,account_00256,account_00255,sample_user,[REDACTED],,True,21000.0,0.0,1300.0,user
pinglun,account_00256,uid,1,account_00256,account_00034,sample_user,[REDACTED],,True,357000.0,100.0,10.0,user
pinglun,account_00256,uid,1,account_00256,account_00285,sample_user,[REDACTED],,True,884000.0,6500.0,156000.0,user
pinglun,account_00256,uid,1,account_00256,account_00286,sample_user,[REDACTED],,True,3953000.0,250.0,4200.0,user
pinglun,account_00256,uid,1,account_00256,account_00287,sample_user,[REDACTED],,True,168239000.0,2900.0,10000.0,user
pinglun,account_00256,uid,1,account_00256,account_00018,sample_user,[REDACTED],,True,127205000.0,400.0,7300.0,user
pinglun,account_00256,uid,1,account_00256,account_00206,sample_user,,,True,79984000.0,40.0,300.0,user
pinglun,account_00256,uid,1,account_00256,account_00257,sample_user,,,True,14332000.0,0.0,250.0,user
pinglun,account_00256,uid,1,account_00256,account_00262,sample_user,[REDACTED],,True,10815000.0,2500.0,30000.0,user
pinglun,account_00256,uid,1,account_00256,account_00258,sample_user,,,True,10855000.0,650.0,21000.0,user
pinglun,account_00256,uid,1,account_00256,account_00288,sample_user,[REDACTED],,True,11930000.0,750.0,10000.0,user
pinglun,account_00256,uid,2,account_00034,account_00113,sample_user,,m,True,235534000.0,2300.0,32000.0,user
pinglun,account_00256,uid,2,account_00034,account_00289,sample_user,[REDACTED],m,False,138000.0,0.0,250.0,user
pinglun,account_00256,uid,2,account_00034,account_00290,sample_user,[REDACTED],m,True,192000.0,200.0,150.0,user
pinglun,account_00256,uid,2,account_00285,account_00291,sample_user,[REDACTED],f,True,80.0,50.0,0.0,user
pinglun,account_00256,uid,2,account_00285,account_00292,sample_user,[REDACTED],m,True,36502000.0,200.0,1100.0,user
pinglun,account_00256,uid,2,account_00286,account_00293,sample_user,[REDACTED],m,True,140395000.0,2700.0,215000.0,user
pinglun,account_00256,uid,2,account_00287,account_00294,sample_user,[REDACTED],f,False,20.0,100.0,300.0,user
pinglun,account_00256,uid,2,account_00206,account_00295,sample_user,,f,True,1272000.0,2200.0,12000.0,user
pinglun,account_00256,uid,2,account_00258,account_00296,sample_user,[REDACTED],m,False,20.0,50.0,30.0,user
pinglun,account_00256,uid,2,account_00288,account_00297,sample_user,[REDACTED],m,False,150.0,400.0,150.0,user
