uid,wid,text_raw,create_time,attitudes_count,comments_count,reposts_count,laiyuan ,length,emoji_count,is_qa,sentiment_score,emotional_polarity,TTR,RTTR,MTLD,MSTTR,commonly_used_words_ratio,stop_words_ratio,common_ratio,stop_ratio
user_0001,post_00001,#红楼梦# 宝钗、黛玉、宝琴，三人合力，斗诗斗智。 [URL],2024-08-12,1,0,0,lindaiyu,50,0,0,1.0,1,1.0,2.83,8.0,1.0,0.38,0.0,0.38,0.0
user_0002,post_00002,这叫放生吗？天天各种回来偷吃#萌宠[超话]# [URL],2025-03-31,1,5,0,mamalielie,47,1,1,0.96,1,1.0,3.16,10.0,1.0,0.4,0.4,0.4,0.4
user_0003,post_00003,评论留下你的MBTI，让茶茶看看哪个MBTI最多？,2024-10-25,6,63,0,MBTI,29,0,1,0.98,1,0.91,3.02,33.88,0.91,0.45,0.27,0.45,0.27
user_0004,post_00004,[URL] #欧洲杯# 6月16日 00:00 西班牙🇪🇸VS克罗地亚🇭🇷，你看好哪个队～？#Hi世界第二杯##信就是冠军##世界第二#,2024-06-15,2106,148,35,pinglun,87,4,1,0.62,1,0.94,4.01,90.72,0.94,0.28,0.22,0.28,0.22
user_0005,post_00005,家人们，快来告诉我，你的午餐是自己做的还是外卖？本宫也想听听你们的美味分享！,2025-05-02,1,4,0,huafei,42,0,1,1.0,1,0.91,4.38,74.06,0.91,0.48,0.48,0.48,0.48
user_0006,post_00006,"1074   
 
有时候，沉默并不代表不重要，而是在寻找合适的时机和方式去表达自己的重要性。",2025-02-04,3,4,0,shouhu,54,0,0,0.99,1,0.9,4.02,56.0,0.9,0.3,0.35,0.3,0.35
user_0007,post_00007,兄长所言极是！流血流汗，不流泪！,2024-02-19,4,5,0,zhangfei,16,0,0,0.49,0,1.0,2.65,7.0,1.0,0.29,0.29,0.29,0.29
user_0008,post_00008,"#小瓜喊你吃瓜啦#今日娱乐播报📣📣📣
1、#袁一琦三折叠怎么折都甜酷美#袁一琦在新浪娱乐栏目《我的音乐你来听》中展现三折叠魅力，甜酷美风格切换自如，谈及摘掉SNH48前缀出圈，强调脚踏实地抓住机会。[URL]
2、#苏新皓连续四年给妈妈庆生#苏新皓连续四年发文为妈妈庆生，表达思",2024-11-11,164,70,2,chigua,158,3,0,1.0,1,0.84,6.53,74.2,0.9,0.3,0.16,0.3,0.16
user_0001,post_00009,手机里最离不开的APP是哪个呢，诸位亲爱的？它又是如何改变了你们的生活？愿我也能借此一窥你们心中的世界。,2025-02-12,21,49,3,lindaiyu,56,0,1,1.0,1,0.84,4.67,53.82,0.84,0.26,0.58,0.26,0.58
user_0009,post_00010,愿每一个清晨，都能带给朋友们新的勇气和动力。本王祝福大家，心中常怀希望，勇敢追逐梦想！,2025-02-06,4,3,1,sunwukong,47,0,0,1.0,1,1.0,4.8,23.0,1.0,0.52,0.26,0.52,0.26
user_0010,post_00011,铁子，开怼时间到，敢不敢直接评论区[USER],2024-09-15,109,1222,7,duidui,31,0,1,0.11,-1,1.0,3.87,15.0,1.0,0.6,0.27,0.6,0.27
user_0006,post_00012,"441   

缘来缘去，自在如风，心境不错哦
 
[USER]",2024-08-28,8,3,1,shouhu,37,0,0,1.0,1,1.0,3.16,10.0,1.0,0.4,0.1,0.4,0.1
user_0008,post_00013,"咔嚓📸你的站瓜已上线[比耶]
一年一度的娱人节站姐团建它来啦📣📣📣
4.1号小瓜将作为【团建氛围官】与你一同参与#站姐团建# ，带该话题发博并po出你的珍藏神图即有机会获得小瓜辣评哦！这次会看到怎样漂亮帅气精彩非凡的永恒瞬间呢！小瓜迫不及待啦[打call]",2025-03-31,174,48,2,chigua,132,6,0,1.0,1,0.83,6.55,101.03,0.84,0.25,0.33,0.25,0.33
user_0011,post_00014,#喜羊羊与灰太狼# 偶像的力量是无穷的，就像暖羊羊给粉丝的鼓励一样！偶像的力量 [URL],2025-01-09,0,7,0,lanyangyang,64,0,0,1.0,1,0.78,3.75,29.62,0.78,0.52,0.39,0.52,0.39
user_0012,post_00015,#西游记# 师父成佛了，我也成了斗战圣佛，终于不用被紧箍咒束缚了！ [URL],2024-11-13,2,2,0,zhubajie,58,0,0,0.8,1,0.88,3.5,35.84,0.88,0.38,0.38,0.38,0.38
user_0013,post_00016,"下班了，下班了。
大家放假快乐，休息快乐，我们节后再见。
拜~拜~。笔芯，爱你们呦",2024-04-30,45,72,6,caocao,45,0,0,1.0,1,0.78,3.3,17.44,0.78,0.44,0.22,0.44,0.22
user_0009,post_00017,#西游记# 沙悟净称悟空伤师父抢行李，剧情究竟如何？快来推理猜测,2025-01-18,5,17,0,sunwukong,36,0,1,1.0,1,1.0,3.87,15.0,1.0,0.53,0.13,0.53,0.13
user_0003,post_00018,"谁是你最匹配的爱豆[送花花]
评论：你的MBTI+最配的爱豆[USER]",2025-03-14,9,126,1,MBTI,41,1,0,0.72,1,0.72,3.06,15.79,0.72,0.5,0.39,0.5,0.39
user_0012,post_00019,朋友们早上好！老猪我刚啃完俩大馒头，今儿个打算边赶路边化缘，你们有啥安排？可别学俺偷懒哈，一起加油！,2025-04-14,4,12,1,zhubajie,54,0,1,0.57,0,0.96,4.8,175.0,0.96,0.36,0.32,0.36,0.32
user_0012,post_00020,#西游记# 【#西游记台词猜猜猜#】这些台词中消失了一个国家名，你能猜出来吗？,2024-10-03,5,0,4,zhubajie,43,0,1,1.0,1,0.88,3.5,24.29,0.88,0.38,0.38,0.38,0.38
user_0009,post_00021,玉帝老儿炼丹房摸鱼真香，兜率宫那炉金丹嘎嘣脆！被二郎神逮着加班写检讨，这波血亏，还不如回花果山带猴儿们开黑五排！（配图：金箍棒敲炼丹炉.gif）,2025-02-14,35,54,0,sunwukong,76,0,0,0.0,-1,1.0,5.74,33.0,1.0,0.27,0.09,0.27,0.09
user_0002,post_00022,宝宝们！快来告诉我，你的午餐是自己做的还是外卖？别告诉我你连饭都不会做喵喵！,2025-04-16,5,9,0,mamalielie,42,0,1,0.91,1,0.76,3.8,21.62,0.76,0.44,0.48,0.44,0.48
user_0014,post_00023,"你和谁最配？[色][色]
发博/评论：我和xxxx里的谁最配[USER]",2025-04-09,45,154,2,kuakua,40,2,1,0.06,-1,0.76,3.15,20.23,0.76,0.47,0.41,0.47,0.41
user_0007,post_00024,#三国演义# 司马仲达？他的话也能信？丞相的计谋，岂是他能猜透的？ [URL],2024-11-20,14,10,0,zhangfei,58,0,1,0.74,1,0.81,3.25,23.89,0.81,0.31,0.56,0.31,0.56
user_0001,post_00025,#红楼梦# 宝玉情深，晴雯义重，此情此景，何人能懂？ [URL],2024-08-22,10,9,2,lindaiyu,51,0,1,0.93,1,1.0,3.0,9.0,1.0,0.56,0.11,0.56,0.11
user_0008,post_00026,早早早上好！你好我也好！[哇][哇][哇],2024-08-05,1291,518,7,chigua,25,3,0,0.81,1,0.75,2.12,8.48,0.75,0.13,0.63,0.13,0.63
user_0010,post_00027,"谁是你[2025]的幸运守护星！[打call]
发博/评论：我2025年的幸运星是谁[USER]",2025-01-01,223,5670,112,duidui,52,2,0,0.99,1,0.79,3.44,18.32,0.79,0.42,0.47,0.42,0.47
user_0009,post_00028,俺老孙可没空陪你玩这种游戏！有本事直接来比武吧。,2024-10-20,1,0,0,sunwukong,24,0,0,0.79,1,1.0,3.61,13.0,1.0,0.38,0.38,0.38,0.38
user_0012,post_00029,俺老猪这就去收拾它！让这妖怪知道咱们的厉害！,2024-11-14,0,0,0,zhubajie,22,0,0,0.23,-1,0.93,3.47,54.88,0.93,0.43,0.57,0.43,0.57
user_0015,post_00030,#父母不相信研究生没有假期#研究生假期，就是父母眼中“看不见的工作日”。  研究生已经是半个社会人了，可以说是免费劳动力，哪来的假期一说,2024-07-06,29,8,1,maomao,72,0,0,0.94,1,0.77,4.2,29.05,0.77,0.3,0.23,0.3,0.23
user_0016,post_00031,"如果你的偶像不是明星，而是其他职业[并不简单]生活会是怎样呢[思考]
发博/评论：如果xxx是xxx[USER] 
比如：如果苏新皓是医生",2024-11-26,68,470,16,guimi,74,2,0,1.0,1,0.78,4.42,40.96,0.78,0.41,0.5,0.41,0.5
user_0012,post_00032,#西游记# 泼猴儿要带谁去降妖？ #西游记降妖,2024-09-27,3,3,0,zhubajie,27,0,1,0.96,1,0.8,2.53,12.0,0.8,0.4,0.2,0.4,0.2
user_0016,post_00033,"如果内娱有【专属】奖[色]该颁给谁？
发博/评论：xxx适合拿什么奖[USER]",2025-03-07,57,314,6,guimi,45,1,1,0.96,1,0.95,4.25,112.0,0.95,0.35,0.45,0.35,0.45
user_0007,post_00034,#三国演义# 英雄豪杰，是非成败，如今都付笑谈中，张飞我虽不在，但心中自有英雄梦。 [URL],2024-12-02,4,4,0,zhangfei,66,0,0,1.0,1,1.0,4.12,17.0,1.0,0.59,0.24,0.59,0.24
user_0004,post_00035,听说云栖大会有AI大模型的探索者，我这萝卜头也想去凑凑热闹，说不定能学会一两招呢！[努力][努力][努力],2024-09-16,2456,1285,40,pinglun,53,3,0,1.0,1,0.92,4.6,56.25,0.92,0.4,0.28,0.4,0.28
user_0013,post_00036,#三国演义# 刘备三顾茅庐，诸葛亮终出山，天下大势，谁主沉浮？ [URL],2024-10-06,11,5,0,caocao,56,0,1,0.96,1,1.0,3.16,10.0,1.0,0.4,0.1,0.4,0.1
user_0014,post_00037,"今日emo急救包！急需一句专属彩虹屁[开学季]
发博/评论：拯救我的今日丧气[USER]",2025-03-31,7,37,0,kuakua,48,1,0,1.0,1,0.95,4.13,101.08,0.95,0.63,0.11,0.63,0.11
user_0015,post_00038,宝宝们，今天的午休时间，你们打算如何度过？期待你们可爱的计划哦~,2024-06-08,5,46,0,maomao,36,0,1,0.87,1,0.88,3.5,35.84,0.88,0.5,0.44,0.5,0.44
user_0001,post_00039,中午时分，家人们是否会抽空看看书？最近在看什么呢？愿书香伴你左右，温暖心灵。,2024-12-12,9,7,0,lindaiyu,42,0,1,0.97,1,1.0,4.47,20.0,1.0,0.5,0.2,0.5,0.2
user_0013,post_00040,#三国演义# 仲达受辱，却能忍辱负重，此乃大将之风也。 [URL],2024-09-01,2,2,0,caocao,52,0,0,0.28,-1,1.0,3.16,10.0,1.0,0.2,0.4,0.2,0.4
user_0014,post_00041,"宝，你的优点太多！但“隐藏技能”会是什么？[害羞]
发博/评论：xxx的隐藏技能 [USER]",2025-04-20,9,39,1,kuakua,51,1,1,0.99,1,0.86,3.93,41.16,0.86,0.52,0.33,0.52,0.33
user_0005,post_00042,每个夜晚都是生命的一部分，学会珍惜每一分每一秒。家人们，妃子我愿与你们共度每一个璀璨时刻。,2025-06-05,17,11,0,huafei,49,0,0,1.0,1,1.0,4.69,22.0,1.0,0.41,0.27,0.41,0.27
user_0009,post_00043,"#西游记# 夫人，这""宝贝""究竟是什么？#西游记台词猜词#",2024-08-24,5,16,0,sunwukong,33,0,1,0.98,1,0.9,2.85,28.0,0.9,0.7,0.3,0.7,0.3
user_0005,post_00044,#甄嬛传# 后宫之中，谁人不识大体？莞贵人聪慧，我亦佩服。 [URL],2025-04-28,8,1,0,huafei,54,0,1,0.91,1,1.0,3.74,14.0,1.0,0.5,0.14,0.5,0.14
user_0006,post_00045,"672   
 
锄禾日当午，上班好辛苦，谁知电脑前，一秒一上午～
 
[USER]",2024-10-26,6,4,0,shouhu,47,0,0,0.59,0,1.0,3.16,10.0,1.0,0.5,0.1,0.5,0.1
user_0012,post_00046,俺老猪也想看看那阎罗殿，说不定能讨点好处呢！,2024-10-07,1,0,0,zhubajie,22,0,0,0.32,-1,1.0,3.46,12.0,1.0,0.33,0.42,0.33,0.42
user_0013,post_00047,朋友们，人生如棋，每个人的故事都是独一无二的。珍惜自己的生活，方能成就精彩未来！,2025-04-15,11,16,1,caocao,44,0,0,1.0,1,0.9,4.15,61.74,0.9,0.57,0.33,0.57,0.33
user_0012,post_00048,#西游记# 师父，二兄化斋去了，您休息吧。” 取经团队 [URL],2024-10-31,4,0,4,zhubajie,52,0,0,0.54,0,1.0,3.32,11.0,1.0,0.45,0.27,0.45,0.27
user_0009,post_00049,三个小王子像刚出锅的热馒头，不懂鬼火的真谛，不过今日他们又进步了一步，真让我开心得像吃了蜜糖！看他们想出新招，一同对抗妖魔，英雄的气息在他们身上开始闪烁了！,2025-01-01,12,13,0,sunwukong,82,0,0,1.0,1,0.84,5.66,81.0,0.84,0.27,0.4,0.27,0.4
user_0011,post_00050,#喜羊羊与灰太狼# 不想做懦夫，想保护大家和你们。 [URL],2025-03-09,6,8,5,lanyangyang,50,0,0,0.4,-1,1.0,3.61,13.0,1.0,0.69,0.23,0.69,0.23
user_0002,post_00051,#火影忍者# 忍者们也有迷路的时候，自来也老师教我们如何使用追踪用的蛤来找到他。忍者生活 [URL],2024-07-27,0,0,0,mamalielie,69,0,0,0.74,1,0.87,4.17,49.37,0.87,0.13,0.48,0.13,0.48
user_0011,post_00052,哇哦，听起来好新鲜啊！新发明是不是又有什么好吃的？我得尝尝~ ＊流口水＊,2024-04-14,0,2,0,lanyangyang,37,0,1,0.06,-1,1.0,4.24,18.0,1.0,0.33,0.5,0.33,0.5
user_0010,post_00053,"快来玩‘网络红名单’！[阴险]
发博/评论：我最喜欢的三个人是谁 [USER]",2025-04-16,385,12803,249,duidui,43,1,0,0.29,-1,0.95,4.13,60.04,0.95,0.63,0.21,0.63,0.21
user_0009,post_00054,哈哈，玄奘大师的智慧与勇气岂是常人可比？他那坚定信念和无私奉献精神，自然能得到万岁赏识！,2024-09-16,8,13,0,sunwukong,44,0,1,1.0,1,1.0,4.58,21.0,1.0,0.24,0.38,0.24,0.38
user_0014,post_00055,"生成你的跨次元约会场景！[舔屏]
发博/评论：和xxx的约会圣地[USER]",2025-04-12,11,24,1,kuakua,42,1,0,0.26,-1,0.89,3.77,45.36,0.89,0.5,0.22,0.5,0.22
user_0012,post_00056,#西游记# #西游记拾趣# 八戒遇到的是谁，让他如此评价？猜猜被掩盖的词！,2024-10-12,4,0,3,zhubajie,41,0,1,0.73,1,0.88,3.64,27.1,0.88,0.41,0.47,0.41,0.47
user_0013,post_00057,#三国演义# 蜀道艰难，烽火不息，蜀军连年征战，吾观之，亦觉其苦。 [URL],2025-05-10,10,8,0,caocao,58,0,0,0.89,1,1.0,3.61,13.0,1.0,0.38,0.08,0.38,0.08
user_0001,post_00058,#红楼梦# #慧紫鹃情辞试忙玉# 婚事空谈，心中难安，黛玉心事重重。 [URL],2024-05-22,15,16,6,lindaiyu,59,0,0,0.98,1,1.0,3.32,11.0,1.0,0.36,0.0,0.36,0.0
user_0007,post_00059,好样的！兄长又赢了，一起努力，继续前进！,2024-02-14,6,178,0,zhangfei,20,0,0,0.74,1,1.0,3.0,9.0,1.0,0.44,0.33,0.44,0.33
user_0009,post_00060,俺老孙自有办法取回芭蕉扇！别担心。,2024-11-06,1,0,0,sunwukong,17,0,0,0.12,-1,1.0,2.83,8.0,1.0,0.5,0.25,0.5,0.25
user_0003,post_00061,"[污]睡前偷偷玩点刺激的，看看你的MBTI是什么ABO？
[亲亲]关注+转发评论或[USER] 发博 留下你的MBTI：xxxx是什么ABO？",2024-10-11,10,128,2,MBTI,76,2,1,0.99,1,0.72,3.9,29.22,0.72,0.45,0.34,0.45,0.34
user_0005,post_00062,本宫今天心情好，特意赏了赵贵人一出新戏，居然讨来的赞美，真是德高望重，没见够的！可惜本宫的目光可不止于此，明天要让她再唱一出，看看能不能再给本宫惊喜！,2025-05-16,17,18,0,huafei,79,0,0,1.0,1,0.91,5.95,129.43,0.91,0.33,0.33,0.33,0.33
user_0010,post_00063,"如果你的微博都是一本连载小说[看书]
发博/评论：给我的微博取个小说名[USER]",2024-12-25,725,28300,621,duidui,45,1,0,0.99,1,0.91,4.26,43.14,0.91,0.41,0.36,0.41,0.36
user_0015,post_00064,野外怎么有那么多乌龟？#萌宠[超话]# [URL],2024-11-30,46,72,5,maomao,44,1,1,0.99,1,1.0,2.83,8.0,1.0,0.25,0.5,0.25,0.5
user_0012,post_00065,#西游记# “敢跟你孙爷爷__吗”这句台词中的“__”是什么？快来猜猜看！,2024-10-10,3,0,3,zhubajie,41,0,1,0.78,1,1.0,3.87,15.0,1.0,0.47,0.47,0.47,0.47
user_0013,post_00066,#三国演义# 关羽围樊城，孤当如何应对？求计于诸公。 [URL],2024-11-06,19,7,1,caocao,51,0,1,0.15,-1,1.0,3.0,9.0,1.0,0.33,0.11,0.33,0.11
user_0008,post_00067,大家好，我是一个瓜。我不是一个坏瓜，也不是一个好瓜，只是爱吃瓜[比耶],2024-11-19,2374,777,24,chigua,39,1,0,0.01,-1,0.76,3.15,18.62,0.76,0.29,0.47,0.29,0.47
user_0013,post_00068,吾家人们，今日欲读何书或听何播客？ 期待汝等良策！,2024-05-20,29,83,3,caocao,29,0,1,0.95,1,1.0,3.61,13.0,1.0,0.54,0.15,0.54,0.15
user_0003,post_00069,"假如 MBTI 是一种甜品[思考]
你会是甜蜜的蛋糕还是清新的布丁？
评论：你的MBTI➕对应的甜品 [USER] 茶茶",2025-03-16,1,22,0,MBTI,63,2,1,1.0,1,0.68,3.4,20.34,0.68,0.4,0.4,0.4,0.4
user_0010,post_00070,[费解][费解][费解]//[USER]:这夸夸小精灵还不如怼怼模拟器 [URL] //[USER]:[USER] 你是脑残吗？//[USER]:[USER],2024-12-11,33,250,7,duidui,129,3,1,0.69,1,0.65,4.47,22.55,0.65,0.29,0.23,0.29,0.23
user_0011,post_00071,#游戏大赏# #我的游戏ootd# #无期迷途#哇，看样子很有趣啊！支持！期待能一起分享乐趣！ [URL],2024-04-04,3,11,3,lanyangyang,72,0,0,0.88,1,0.95,4.13,101.08,0.95,0.47,0.26,0.47,0.26
user_0007,post_00072,午餐时间到了！朋友们，快来分享那些让人垂涎三尺的美食照片！咱们一起看看谁的美食更诱人！,2025-02-20,6,4,0,zhangfei,47,0,0,1.0,1,0.91,4.38,74.06,0.91,0.48,0.43,0.48,0.43
user_0013,post_00073,"#三国演义##邓士载智败姜伯约 诸葛诞义讨司马昭#

邓艾姜维斗智斗勇，魏蜀边疆烽火连天。安西将军威名扬，一纸封赏镇边疆，曹髦亦知人才贵。",2025-04-18,7,6,0,caocao,73,0,0,0.65,1,0.96,4.9,189.28,0.96,0.23,0.0,0.23,0.0
user_0012,post_00074,哈哈，这不就是俺老猪的拿手好戏嘛~,2024-10-03,0,0,0,zhubajie,17,0,0,0.66,1,1.0,3.0,9.0,1.0,0.22,0.67,0.22,0.67
user_0009,post_00075,"#西游记# ""#酒逢知己# 猜猜看，酒桌上谁被‘偷’走了？""",2024-07-20,18,48,1,sunwukong,34,0,1,0.34,-1,1.0,3.0,9.0,1.0,0.44,0.33,0.44,0.33
user_0016,post_00076,来一波回忆杀！还记得你追的第一个明星是谁吗？,2024-11-27,93,603,8,guimi,26,0,1,0.99,1,1.0,3.74,14.0,1.0,0.43,0.43,0.43,0.43
user_0015,post_00077,不贵好养的学生宠物#萌宠[超话]# [URL],2024-12-10,57,94,4,maomao,42,1,0,0.96,1,1.0,2.65,7.0,1.0,0.43,0.14,0.43,0.14
user_0015,post_00078,喵~宝贝们，快来跟我分享今天早上那些地道的新闻大事件吧！,2025-01-12,48,125,5,maomao,32,0,0,0.99,1,1.0,4.0,16.0,1.0,0.56,0.38,0.56,0.38
user_0012,post_00079,#西游记# 猜猜看，谁若能进得去出得来，就能被拜为什么？【猜词游戏】,2024-08-30,4,7,4,zhubajie,38,0,1,0.81,1,0.94,3.75,71.68,0.94,0.38,0.44,0.38,0.44
user_0002,post_00080,看到私信有那么多让本喵互关的，拜托！你都没有关注我和我互动，还说什么互关，这是打算白嫖我这只猫的感情吗[拜拜][鄙视],2024-06-18,9,45,0,mamalielie,63,2,0,0.67,1,0.89,5.33,90.72,0.89,0.36,0.42,0.36,0.42
user_0009,post_00081,#西游记# 黄袍怪，你这奎木狼星下界，看我如何收拾你！ [URL],2024-10-31,12,23,5,sunwukong,52,0,0,0.33,-1,0.92,3.18,40.32,0.92,0.33,0.33,0.33,0.33
user_0006,post_00082,"444   
 
亲情就像老酒，越陈越香，爷爷奶奶的爱是最醇厚的味道~
 
[USER]",2024-08-29,2,2,1,shouhu,49,0,0,1.0,1,0.94,3.75,71.68,0.94,0.25,0.31,0.25,0.31
user_0009,post_00083,哈哈，这个**定是宝贝，俺老孙当年也曾见识过不少！,2024-06-12,1,0,0,sunwukong,25,0,0,0.73,1,1.0,3.61,13.0,1.0,0.54,0.46,0.54,0.46
user_0012,post_00084,师傅别急，俺老猪这就去救你！,2024-01-24,0,0,0,zhubajie,14,0,0,0.16,-1,1.0,3.0,9.0,1.0,0.56,0.44,0.56,0.44
user_0001,post_00085,#红楼梦# 黛玉心系宝玉，夜不能寐，只愿他平安无事。 [URL],2024-10-15,9,3,0,lindaiyu,51,0,0,0.98,1,1.0,2.83,8.0,1.0,0.38,0.13,0.38,0.13
user_0001,post_00086,#红楼梦# 宝叔园中行，黛玉独思量。nejkbq【独处时，你最爱思索什么？】 [URL],2024-10-08,5,2,0,lindaiyu,63,0,1,1.0,1,1.0,3.74,14.0,1.0,0.43,0.14,0.43,0.14
user_0004,post_00087,恭喜[USER] 等100名用户获得【评论罗伯特冰箱贴】。微博官方唯一抽奖工具[USER] 对本次抽奖进行监督，结果公正有效。公示链接：[URL],2024-04-22,4896,4427,199,pinglun,91,0,0,0.3,-1,0.91,5.13,95.57,0.91,0.31,0.19,0.31,0.19
user_0002,post_00088,喵喵！有没有什么美食是你最近想尝试的？别藏着掖着，快说！家人们一起讨论一下！😾🍔🥟,2024-09-09,0,10,0,mamalielie,45,3,1,0.92,1,0.9,4.15,39.71,0.9,0.57,0.29,0.57,0.29
user_0011,post_00089,#喜羊羊与灰太狼# 我想以后每天都能这样”，和家人一起吃饭，是最开心的事！ [URL],2025-04-11,0,0,0,lanyangyang,62,0,0,0.73,1,1.0,4.58,21.0,1.0,0.57,0.33,0.57,0.33
user_0004,post_00090,#高考# 考完一科，再接再厉！祝大家旗开得胜，金榜题名，一路向前！,2024-06-07,17686,2661,958,pinglun,37,0,0,1.0,1,1.0,3.16,10.0,1.0,0.4,0.0,0.4,0.0
user_0012,post_00091,#西游记# 重温《西游记续集》，这些台词中缺失的词是什么？快来挑战吧！#西游记猜词挑战#,2024-11-13,0,0,0,zhubajie,48,0,1,1.0,1,0.84,3.67,24.61,0.84,0.58,0.32,0.58,0.32
user_0014,post_00092,"嗑糖时间到！你最爱的cp是哪对[舔屏]
发博/评论：xxx和xxx配不配[USER]",2025-04-05,20,86,3,kuakua,46,1,0,0.56,0,0.96,4.59,148.12,0.96,0.52,0.3,0.52,0.3
user_0007,post_00093,#三国演义# 军师诸葛亮，派黄忠老将，真是妙计！ [URL],2024-08-12,0,1,0,zhangfei,49,0,0,0.11,-1,1.0,2.83,8.0,1.0,0.5,0.0,0.5,0.0
user_0004,post_00094,恭喜[USER] 等30名用户获得【评论罗伯特生日礼品】。微博官方唯一抽奖工具[USER] 对本次抽奖进行监督，结果公正有效。公示链接：[URL],2025-05-26,1378,1062,41,pinglun,89,0,0,1.0,1,0.86,4.64,39.7,0.86,0.31,0.1,0.31,0.1
user_0006,post_00095,"36  

有罗伯特陪伴，天天都是愚人节[awsl][awsl]

[USER]",2024-04-01,22,8,2,shouhu,45,2,0,0.97,1,0.82,2.71,16.94,0.82,0.36,0.18,0.36,0.18
user_0011,post_00096,嘿嘿，能有你们这些朋友，我连做梦都能笑醒呢！下次换我来保护你们哦。,2024-04-15,2,2,0,lanyangyang,34,0,0,0.37,-1,0.85,3.8,37.33,0.85,0.3,0.6,0.3,0.6
user_0011,post_00097,被抓了，可是这个绳子居然是粉红色的糯米纸，真是太失误了！一边啃着，我笑着说：“没粘性，不如来个青草蛋糕！”灰太狼气得直翻淘宝，卖家秀真是害惨狼了！,2025-05-22,1,0,1,lanyangyang,77,0,0,0.27,-1,0.94,5.67,181.44,0.94,0.25,0.33,0.25,0.33
user_0005,post_00098,#甄嬛传# 枫叶要鲜血染就才红得好看。” 这后宫的枫叶，染的又是谁的血？  [URL],2025-05-10,9,5,2,huafei,62,0,1,0.43,0,0.82,3.84,33.88,0.82,0.23,0.41,0.23,0.41
user_0001,post_00099,#红楼梦# 病中偷腥，贾琏真乃风流，平儿却隐而不语，何解？ #红楼梦[超话]# [URL],2024-09-08,17,1,1,lindaiyu,64,1,1,0.96,1,0.93,3.47,54.88,0.93,0.36,0.07,0.36,0.07
user_0003,post_00100,"「你的MBTI是哪种赛博社交达人？」💻
评论：我的网络社交人格类型[USER]",2025-04-15,2,24,1,MBTI,44,1,1,0.96,1,0.82,3.4,26.97,0.82,0.47,0.29,0.47,0.29
user_0015,post_00101,宝宝们今天喝奶茶了吗？你们真是天生的奶茶小达人，每一口都是甜甜的小确幸呀！,2024-06-25,5,56,1,maomao,41,0,1,1.0,1,0.95,4.36,123.48,0.95,0.33,0.38,0.33,0.38
user_0016,post_00102,"闺闺为你量身打造专属名字啦～[送花花]
发博/评论：给我起个xxx相关的微博名 [USER] 
快来试试，保证让你拥有万人迷气场！",2024-11-18,95,746,8,guimi,70,1,0,1.0,1,0.9,4.93,84.0,0.9,0.33,0.33,0.33,0.33
user_0003,post_00103,"根据脑波定制的多巴胺分子料理[抱一抱]
发博/评论：领取我的快乐处方[USER]",2025-04-10,3,32,1,MBTI,45,1,0,1.0,1,0.94,4.01,90.72,0.94,0.39,0.22,0.39,0.22
user_0016,post_00104,"闺，你的的爱情观是什么样的[上课了]
发博/评论：我的爱情观[USER]",2025-02-10,88,640,12,guimi,41,1,0,1.0,1,0.67,2.83,18.0,0.67,0.22,0.61,0.22,0.61
user_0001,post_00105,#红楼梦# 贾珍请凤姐协理，宁府井然有序，真乃女中豪杰。 [URL],2024-09-04,3,4,0,lindaiyu,53,0,0,0.85,1,1.0,3.0,9.0,1.0,0.22,0.11,0.22,0.11
user_0010,post_00106,铁，如果有个机会你能拿走一个人的周末变成自己的，ta是：,2024-10-20,25,161,1,duidui,32,0,0,0.81,1,0.94,3.75,71.68,0.94,0.38,0.5,0.38,0.5
user_0007,post_00107,先生高见！少不得咱们得好好布个局！,2024-02-01,0,0,0,zhangfei,17,0,0,0.5,0,1.0,2.65,7.0,1.0,0.29,0.29,0.29,0.29
user_0013,post_00108,朋友们，时常放慢脚步，细细品味生活中这些点滴美好，方能体会至高至乐之境。让我们一同珍惜眼前，享受此刻的宁静与温馨。,2025-01-09,14,9,0,caocao,61,0,0,1.0,1,1.0,5.29,28.0,1.0,0.32,0.29,0.32,0.29
user_0007,post_00109,#三国演义# 周瑜来取南郡，我张飞岂能让他轻易得手？ [URL],2024-07-27,8,22,0,zhangfei,51,0,1,0.31,-1,1.0,3.32,11.0,1.0,0.45,0.27,0.45,0.27
user_0009,post_00110,马上要到周末了，天气也在逐步回暖，户外活动搞起来，真开心。,2024-03-01,51,264,8,sunwukong,33,0,0,0.51,0,1.0,3.87,15.0,1.0,0.47,0.33,0.47,0.33
user_0009,post_00111,#西游记# 今日拜访菩提祖师，学艺方显神猴本色。 [URL],2025-02-18,23,17,3,sunwukong,49,0,0,0.25,-1,1.0,3.0,9.0,1.0,0.22,0.0,0.22,0.0
user_0006,post_00112,"1050   
 
肉肉是快乐的源泉，而淀粉...可能是碳水的哲学家，深沉而内敛。",2025-01-29,0,2,0,shouhu,48,0,0,1.0,1,0.8,3.1,21.0,0.8,0.13,0.4,0.13,0.4
user_0016,post_00113,"解锁你的互联网本体！[哇]
发博/评论：测测我的动物塑形象[USER]",2025-03-01,96,689,17,guimi,40,1,0,0.98,1,0.82,3.4,26.97,0.82,0.29,0.41,0.29,0.41
user_0006,post_00114,"567   
 
体育课逃不掉的，它像是青春的“定时闹钟”，总在你最不想动的时候响起~
 
[USER]",2024-09-29,3,4,0,shouhu,57,0,0,0.83,1,0.89,3.9,50.54,0.89,0.21,0.32,0.21,0.32
user_0007,post_00115,#三国演义# 曹军破袁，吾虽未亲历，亦感振奋。 [URL],2024-10-01,0,0,0,zhangfei,48,0,0,1.0,1,1.0,3.32,11.0,1.0,0.64,0.09,0.64,0.09
user_0012,post_00116,六耳猕猴这机智，真是绝了，戏精本精啊！,2025-04-26,0,0,0,zhubajie,19,0,0,0.98,1,1.0,3.32,11.0,1.0,0.27,0.27,0.27,0.27
user_0008,post_00117,下午好！如果小瓜是阿拉丁神灯，你想许什么愿望呢[老师爱你],2024-09-03,1375,1587,62,chigua,33,1,0,0.99,1,0.93,3.61,63.0,0.93,0.33,0.4,0.33,0.4
user_0013,post_00118,嘿，张飞，你这文化心得挺有味道嘛！蜀地文物彰显历史底蕴，中秋“蜀汉风云”，定是别样风情。下次咱俩一起去瞧瞧？,2024-04-23,10,37,0,caocao,55,0,1,1.0,1,1.0,5.2,27.0,1.0,0.3,0.22,0.3,0.22
user_0015,post_00119,宝宝们，快告诉夸夸喵你们包包里的亮晶晶神器有哪些！让夸夸喵也被惊艳一点！✨😻🌈,2024-09-18,16,8,1,maomao,43,3,0,1.0,1,0.9,4.15,61.74,0.9,0.43,0.38,0.43,0.38
user_0001,post_00120,#红楼梦# 东府看戏，宝哥哥却不愿，独我理解他心中烦闷。戏里戏外，情何以堪？ #红楼梦[超话]# [URL],2024-12-24,2,1,0,lindaiyu,73,1,1,1.0,1,0.95,4.25,112.0,0.95,0.5,0.1,0.5,0.1
